SigAgente,Regiao,GrupoCausa,CausaDetalhada,duracao_total_horas,quantidade_interrupcoes,unidades_afetadas,consumidor_horas
LIGHT SESA,SUDESTE,INTERNA,FALHA DE MATERIAL OU EQUIPAMENTO,12652143.385099998,941519.0,38377524.0,109310513.34809996
CEMIG-D,SUDESTE,INTERNA,FALHA DE MATERIAL OU EQUIPAMENTO,10731890.122400008,1951960.0,56955043.0,112370010.74020003
EQUATORIAL PA,NORTE,INTERNA,FALHA DE MATERIAL OU EQUIPAMENTO,9780980.591799999,1120721.0,39635006.0,88089162.08390003
EQUATORIAL MA,NORDESTE,INTERNA,FALHA DE MATERIAL OU EQUIPAMENTO,8430802.969900003,1069130.0,30625077.0,84918002.72899991
ENEL CE,NORDESTE,INTERNA,FALHA DE MATERIAL OU EQUIPAMENTO,8070679.552700001,976160.0,28648397.0,70627287.4416
ENEL RJ,SUDESTE,INTERNA,FALHA DE MATERIAL OU EQUIPAMENTO,7564250.971299996,1081442.0,22967730.0,57443121.31039998
EQUATORIAL PI,NORDESTE,INTERNA,FALHA DE MATERIAL OU EQUIPAMENTO,7323100.379999998,798265.0,22689802.0,63790861.28489999
ELETROPAULO,SUDESTE,INTERNA,FALHA DE MATERIAL OU EQUIPAMENTO,6991103.225300004,765930.0,33831801.0,74170040.35260001
EQUATORIAL AL,NORDESTE,INTERNA,FALHA DE MATERIAL OU EQUIPAMENTO,6100973.590000001,586141.0,28135429.0,84872968.55569996
CEMIG-D,SUDESTE,INTERNA,NAO CLASSIFICADA,5129989.999100001,810711.0,64504477.0,131793465.18009996
