table,metric,count,distinct,nulls,mode,mean,std,skewness,min,25%,50%,75%,99%,max
fato_continuidade,VlrIndicador,375082,1609,0,0.21,0.8368239744909143,1.2585834922071615,7.47871083318404,0.0,0.25,0.48,0.95,5.92,56.35
fato_continuidade,VlrLimite,374328,120,754,7.0,11.702114188626018,11.197658859763221,5.130767435632333,1.0,6.0,8.0,13.0,62.0,201.0
fato_continuidade,ExcessoSobreLimite,375082,95,0,0.0,0.0011698508592787706,0.10812354457587538,127.71943389983211,0.0,0.0,0.0,0.0,0.0,23.04
fato_continuidade,PercentualDoLimite,374328,4815,754,0.03,0.06991257212925675,0.06710338821080401,5.950690585775605,0.0,0.0317,0.0536,0.0867,0.3175,4.2167
fato_causa_mensal,QtdInterrupcoes,3002279,899,0,1.0,14.792369396714962,36.28999730676233,7.7427112225003345,1.0,2.0,4.0,12.0,175.0,1972.0
fato_causa_mensal,DuracaoTotalHoras,3002279,302602,0,0.0167,104.33252649257113,367.11887495114513,36.31533675091419,0.0,5.4666,20.1333,70.73375,1432.5445220000101,114175.9477
fato_causa_mensal,DuracaoMediaHoras,3002279,204664,0,0.0167,6.531665279742355,10.604878897884722,54.06999268033365,0.0,2.4167,4.2348,7.65,36.808322000000025,4383.5584
fato_causa_mensal,MaiorInterrupcaoHoras,3002279,16166,0,0.0167,16.210789698724827,30.758464977663337,74.04713778216676,0.0,3.6167,7.9,21.2167,102.6667,8779.8333
fato_causa_mensal,UnidadesAfetadasSoma,3002279,42933,0,1.0,1492.2095035138307,5914.451260056766,17.39489650447517,0.0,9.0,130.0,756.0,22318.0,665619.0
fato_causa_mensal,ConsumidorHoras,3002279,1840897,0,0.0,2687.022837441423,17040.840968392473,145.37405664884133,0.0,40.05,376.35,1879.6894,32648.892440000134,7591387.8754
