SigAgente,Regiao,SigIndicador,observacoes,conjuntos,media_apurada,media_limite,percentual_ultrapassagem
EQUATORIAL GO,CENTRO-OESTE,DEC,9144,175,2.33,13.74,0.45
CEEE-D,SUL,DEC,3708,95,1.65,9.43,0.22
LIGHT SESA,SUDESTE,FEC,6492,114,0.3,4.87,0.11
EQUATORIAL PA,NORTE,DEC,8796,171,2.17,30.8,0.08
LIGHT SESA,SUDESTE,DEC,6492,114,0.63,7.14,0.08
CPFL JAGUARI,SUDESTE,DEC,1380,39,0.42,7.95,0.07
ELETROPAULO,SUDESTE,DEC,8580,145,0.56,6.81,0.06
CELESC,SUL,DEC,7404,166,0.86,11.47,0.05
EQUATORIAL MA,NORDESTE,DEC,5844,100,1.75,15.6,0.05
EQUATORIAL GO,CENTRO-OESTE,FEC,9144,175,0.9,9.35,0.04
ESS,SUDESTE,DEC,2292,56,0.45,7.09,0.04
CEEE-D,SUL,FEC,3708,95,0.7,6.76,0.03
COSERN,NORDESTE,DEC,3432,83,0.7,11.02,0.03
CEMIG-D,SUDESTE,DEC,16980,383,0.96,11.06,0.02
COELBA,NORDESTE,DEC,12372,258,1.03,13.81,0.02
EMT,CENTRO-OESTE,DEC,5496,108,2.04,24.21,0.02
ENEL RJ,SUDESTE,DEC,4824,89,0.99,11.44,0.02
Neoenergia PE,NORDESTE,DEC,8052,151,1.06,13.2,0.01
CEMIG-D,SUDESTE,FEC,16980,383,0.46,6.73,0.0
COELBA,NORDESTE,FEC,12372,258,0.41,7.33,0.0
CPFL-PAULISTA,SUDESTE,FEC,10668,188,0.3,5.42,0.0
CPFL-PAULISTA,SUDESTE,DEC,10668,188,0.47,6.8,0.0
COPEL-DIS,SUL,DEC,9336,177,0.75,9.61,0.0
COPEL-DIS,SUL,FEC,9336,177,0.46,6.83,0.0
EQUATORIAL PA,NORTE,FEC,8796,171,1.0,26.19,0.0
ELETROPAULO,SUDESTE,FEC,8580,145,0.28,4.75,0.0
Neoenergia PE,NORDESTE,FEC,8052,151,0.43,7.79,0.0
ELEKTRO,SUDESTE,DEC,7548,138,0.61,8.22,0.0
ELEKTRO,SUDESTE,FEC,7423,138,0.32,5.96,0.0
CELESC,SUL,FEC,7404,166,0.55,8.43,0.0
ENEL CE,NORDESTE,FEC,6828,120,0.4,6.75,0.0
ENEL CE,NORDESTE,DEC,6828,120,0.96,10.26,0.0
RGE SUL,SUL,FEC,6024,105,0.38,7.59,0.0
RGE SUL,SUL,DEC,6024,105,0.85,10.98,0.0
EQUATORIAL MA,NORDESTE,FEC,5844,100,0.63,9.11,0.0
EMT,CENTRO-OESTE,FEC,5496,108,0.8,16.79,0.0
ENEL RJ,SUDESTE,FEC,4824,89,0.44,7.06,0.0
EPB,NORDESTE,FEC,4188,92,0.35,8.25,0.0
EPB,NORDESTE,DEC,4188,92,0.99,15.37,0.0
EMS,CENTRO-OESTE,FEC,3624,67,0.48,9.13,0.0
EMS,CENTRO-OESTE,DEC,3624,67,1.28,16.68,0.0
COSERN,NORDESTE,FEC,3432,83,0.26,6.92,0.0
EQUATORIAL PI,NORDESTE,FEC,3144,86,0.79,13.98,0.0
EQUATORIAL PI,NORDESTE,DEC,3144,86,2.05,21.76,0.0
ETO,NORTE,FEC,3120,52,0.55,14.2,0.0
ETO,NORTE,DEC,3120,52,1.49,22.41,0.0
EDP SP,SUDESTE,DEC,2928,76,0.53,6.95,0.0
EDP SP,SUDESTE,FEC,2928,76,0.27,5.36,0.0
CPFL-PIRATINING,SUDESTE,FEC,2592,48,0.31,5.22,0.0
CPFL-PIRATINING,SUDESTE,DEC,2592,48,0.44,6.35,0.0
EDP ES,SUDESTE,DEC,2568,65,0.7,10.2,0.0
EDP ES,SUDESTE,FEC,2568,65,0.31,6.84,0.0
EMR,SUDESTE,FEC,2520,49,0.38,7.69,0.0
EMR,SUDESTE,DEC,2520,49,0.77,11.32,0.0
EQUATORIAL AL,NORDESTE,FEC,2388,64,0.66,12.67,0.0
EQUATORIAL AL,NORDESTE,DEC,2388,64,1.76,15.94,0.0
ESS,SUDESTE,FEC,2292,56,0.28,6.16,0.0
ESE,NORDESTE,FEC,1836,48,0.42,7.53,0.0
ESE,NORDESTE,DEC,1836,48,0.96,12.45,0.0
ERO,NORTE,DEC,1800,53,2.46,32.21,0.0
ERO,NORTE,FEC,1800,53,0.83,21.29,0.0
Neoenergia Brasília,CENTRO-OESTE,FEC,1536,27,0.49,5.6,0.0
Neoenergia Brasília,CENTRO-OESTE,DEC,1536,27,0.74,7.55,0.0
CPFL JAGUARI,SUDESTE,FEC,1380,39,0.28,6.59,0.0
Âmbar Amazonas,NORTE,FEC,1272,47,1.74,35.72,0.0
Âmbar Amazonas,NORTE,DEC,1272,47,2.6,42.01,0.0
ÂMBAR ENERGIA RR,NORTE,FEC,869,29,3.0,63.78,0.0
ÂMBAR ENERGIA RR,NORTE,DEC,869,29,5.9,81.14,0.0
EAC,NORTE,FEC,792,18,0.95,42.32,0.0
EAC,NORTE,DEC,792,18,2.81,49.82,0.0
CEA,NORTE,DEC,720,12,4.49,64.33,0.0
CEA,NORTE,FEC,720,12,1.76,31.0,0.0
SULGIPE,NORDESTE,DEC,396,9,0.8,16.18,0.0
SULGIPE,NORDESTE,FEC,396,9,0.5,8.91,0.0
CERTEL ENERGIA,SUL,DEC,360,6,1.16,34.17,0.0
CERTEL ENERGIA,SUL,FEC,360,6,0.56,15.03,0.0
CHESP,CENTRO-OESTE,DEC,300,5,0.67,12.4,0.0
CHESP,CENTRO-OESTE,FEC,300,5,0.6,9.92,0.0
ELFSM,SUDESTE,FEC,300,5,0.36,7.64,0.0
ELFSM,SUDESTE,DEC,300,5,0.64,11.8,0.0
EBO,NORDESTE,FEC,288,13,0.23,8.17,0.0
EBO,NORDESTE,DEC,288,13,0.34,12.29,0.0
DMED,SUDESTE,DEC,180,3,0.31,6.6,0.0
ELEKTRO,CENTRO-OESTE,DEC,180,3,0.72,11.07,0.0
ETO,NÃO INFORMADO,DEC,180,3,2.37,26.13,0.0
ETO,NÃO INFORMADO,FEC,180,3,0.65,16.47,0.0
DMED,SUDESTE,FEC,180,3,0.24,5.47,0.0
ELEKTRO,CENTRO-OESTE,FEC,177,3,0.33,7.47,0.0
ESS,SUL,FEC,168,5,0.17,6.57,0.0
ESS,SUL,DEC,168,5,0.23,7.36,0.0
ELETROCAR,SUL,DEC,120,2,1.03,14.4,0.0
ENF,SUDESTE,DEC,120,8,0.86,11.1,0.0
COCEL,SUL,DEC,120,2,0.7,9.4,0.0
CERMISSÕES,SUL,DEC,120,2,0.93,37.9,0.0
DEMEI,SUL,DEC,120,2,0.37,7.8,0.0
COCEL,SUL,FEC,120,2,0.5,7.1,0.0
ENF,SUDESTE,FEC,120,8,0.41,8.8,0.0
ELETROCAR,SUL,FEC,120,2,0.68,9.4,0.0
DEMEI,SUL,FEC,120,2,0.41,6.6,0.0
CERMISSÕES,SUL,FEC,120,2,0.74,23.2,0.0
COPREL,NORDESTE,DEC,114,2,1.22,34.92,0.0
COPREL,NORDESTE,FEC,114,2,0.7,20.21,0.0
COOPERLUZ,SUL,DEC,60,1,1.54,55.6,0.0
Não Informado,SUL,DEC,60,1,1.87,26.2,0.0
CERVAM,SUDESTE,DEC,60,1,0.9,10.33,0.0
CEGERO,SUL,DEC,60,1,0.56,10.0,0.0
CERFOX,SUL,DEC,60,1,2.68,27.0,0.0
COOPERCOCAL,SUL,FEC,60,1,0.46,21.2,0.0
COOPERMILA,SUL,DEC,60,1,0.71,15.2,0.0
CERIM,SUDESTE,FEC,60,1,0.8,29.4,0.0
CEJAMA,SUL,DEC,60,1,0.83,14.2,0.0
CEDRAP,SUDESTE,DEC,60,1,2.29,38.4,0.0
CERBRANORTE,SUL,FEC,60,1,0.37,10.2,0.0
CERPRO,SUDESTE,DEC,60,1,1.02,14.0,0.0
CERCOS,NORDESTE,DEC,60,1,1.35,14.2,0.0
CRELUZ-D,SUL,DEC,60,1,0.81,27.2,0.0
CERAL-DIS,SUL,DEC,60,1,1.75,24.2,0.0
CERIS,SUDESTE,FEC,60,1,1.05,27.8,0.0
EFLJC,SUL,FEC,60,1,0.17,6.4,0.0
CERAL ARARUAMA,SUDESTE,DEC,60,1,2.66,34.0,0.0
CERGRAL,SUL,FEC,60,1,0.6,9.0,0.0
CERGAPA,SUL,DEC,60,1,0.75,31.8,0.0
COOPERA,SUL,FEC,60,1,0.3,9.0,0.0
COOPERNORTE,SUL,DEC,60,1,2.69,39.0,0.0
CERTREL,SUL,DEC,60,1,1.0,18.2,0.0
CERNHE,SUDESTE,FEC,60,1,0.86,24.2,0.0
CERTAJA,NORDESTE,DEC,60,1,2.19,51.0,0.0
CERRP,SUDESTE,DEC,60,1,0.93,30.4,0.0
COOPERALIANÇA,SUL,FEC,60,1,0.42,4.8,0.0
CETRIL,SUDESTE,FEC,60,1,0.94,11.2,0.0
CERCI,SUDESTE,DEC,60,1,2.11,34.0,0.0
MUXENERGIA,SUL,DEC,60,1,0.21,8.6,0.0
CERMOFUL,SUL,FEC,60,1,0.18,9.0,0.0
CEREJ,SUL,DEC,60,1,2.4,56.6,0.0
CERSUL,SUL,FEC,60,1,0.41,9.0,0.0
CERTHIL,SUL,FEC,60,1,1.89,19.0,0.0
CERFOX,SUL,FEC,60,1,1.44,14.0,0.0
COOPERNORTE,SUL,FEC,60,1,1.84,29.0,0.0
CEGERO,SUL,FEC,60,1,0.35,9.0,0.0
PACTO ENERGIA PR,SUL,DEC,60,1,0.14,7.4,0.0
MUXENERGIA,SUL,FEC,60,1,0.19,6.6,0.0
COOPERCOCAL,SUL,DEC,60,1,0.61,10.2,0.0
CERMOFUL,SUL,DEC,60,1,0.16,10.0,0.0
CEREJ,SUL,FEC,60,1,1.06,20.2,0.0
CERSUL,SUL,DEC,60,1,0.42,10.2,0.0
DCELT,SUL,DEC,60,1,0.84,10.2,0.0
PACTO ENERGIA PR,SUL,FEC,60,1,0.21,6.4,0.0
DCELT,SUL,FEC,60,1,0.54,7.4,0.0
CERTREL,SUL,FEC,60,1,0.74,15.2,0.0
HIDROPAN,SUL,FEC,60,1,0.49,7.0,0.0
COOPERALIANÇA,SUL,DEC,60,1,0.44,5.0,0.0
CERGRAL,SUL,DEC,60,1,0.67,15.2,0.0
CETRIL,SUDESTE,DEC,60,1,1.4,17.2,0.0
CERTAJA,NORDESTE,FEC,60,1,1.27,23.2,0.0
CERRP,SUDESTE,FEC,60,1,0.68,15.2,0.0
CERGAPA,SUL,FEC,60,1,0.82,31.4,0.0
CERNHE,SUDESTE,DEC,60,1,1.68,30.4,0.0
CERAL ARARUAMA,SUDESTE,FEC,60,1,2.09,26.33,0.0
CERCI,SUDESTE,FEC,60,1,1.03,17.0,0.0
COOPERA,SUL,DEC,60,1,0.36,10.0,0.0
CERMC,SUDESTE,DEC,60,1,2.05,29.4,0.0
EFLUL,SUL,FEC,60,1,0.29,6.4,0.0
COOPERSUL,SUL,DEC,60,1,2.5,29.5,0.0
CEMIRIM,SUDESTE,DEC,60,1,0.87,10.0,0.0
COOPERZEM,SUL,FEC,60,1,0.79,9.33,0.0
CERTHIL,SUL,DEC,60,1,2.61,25.0,0.0
CERES,SUDESTE,FEC,60,1,1.04,9.0,0.0
CEPRAG,SUL,DEC,60,1,0.66,18.2,0.0
CEDRI,SUDESTE,FEC,60,1,0.56,12.2,0.0
COORSEL,SUL,FEC,60,1,0.66,9.0,0.0
CERILUZ,SUL,FEC,60,1,0.69,23.2,0.0
UHENPAL,SUL,DEC,60,1,0.67,15.0,0.0
CERGAL,SUL,FEC,60,1,0.34,9.0,0.0
HIDROPAN,SUL,DEC,60,1,0.43,10.4,0.0
COOPERLUZ,SUL,FEC,60,1,0.99,23.2,0.0
COOPERMILA,SUL,FEC,60,1,0.61,9.2,0.0
EFLJC,SUL,DEC,60,1,0.22,8.4,0.0
CEMIRIM,SUDESTE,FEC,60,1,0.52,9.0,0.0
CERAL-DIS,SUL,FEC,60,1,0.76,9.2,0.0
CERIM,SUDESTE,DEC,60,1,1.18,41.4,0.0
CERPRO,SUDESTE,FEC,60,1,0.6,10.0,0.0
EFLUL,SUL,DEC,60,1,0.34,8.6,0.0
CERVAM,SUDESTE,FEC,60,1,0.53,9.0,0.0
CERES,SUDESTE,DEC,60,1,1.74,22.2,0.0
CERCOS,NORDESTE,FEC,60,1,0.58,10.2,0.0
CEJAMA,SUL,FEC,60,1,0.54,10.2,0.0
CERIS,SUDESTE,DEC,60,1,2.64,101.0,0.0
COOPERZEM,SUL,DEC,60,1,0.87,15.0,0.0
CRELUZ-D,SUL,FEC,60,1,0.59,22.2,0.0
Não Informado,SUL,FEC,60,1,0.96,16.2,0.0
CERMC,SUDESTE,FEC,60,1,1.36,21.2,0.0
CEDRI,SUDESTE,DEC,60,1,1.09,38.4,0.0
CEDRAP,SUDESTE,FEC,60,1,1.31,22.2,0.0
COORSEL,SUL,DEC,60,1,0.69,10.2,0.0
CEPRAG,SUL,FEC,60,1,0.54,10.2,0.0
CERILUZ,SUL,DEC,60,1,0.78,26.2,0.0
COOPERSUL,SUL,FEC,60,1,1.37,16.5,0.0
CERGAL,SUL,DEC,60,1,0.33,10.0,0.0
UHENPAL,SUL,FEC,60,1,0.54,9.8,0.0
CERBRANORTE,SUL,DEC,60,1,0.35,10.6,0.0
CERSAD DISTRIBUI,SUL,FEC,59,1,1.18,18.0,0.0
CERPALO,SUL,FEC,59,1,0.59,10.17,0.0
CERIPa,SUDESTE,DEC,59,1,1.43,32.44,0.0
CERIPa,SUDESTE,FEC,59,1,0.59,10.22,0.0
CERSAD DISTRIBUI,SUL,DEC,59,1,1.77,28.0,0.0
CASTRO-DIS,SUL,FEC,59,1,0.5,9.0,0.0
Ceraçá,NORDESTE,DEC,59,1,1.13,14.22,0.0
CERPALO,SUL,DEC,59,1,0.56,10.58,0.0
Ceraçá,NORDESTE,FEC,59,1,1.1,18.22,0.0
CASTRO-DIS,SUL,DEC,59,1,0.74,10.0,0.0
CERAL ANITÁPOLIS,SUL,DEC,57,1,1.46,43.49,0.0
CERAL ANITÁPOLIS,SUL,FEC,57,1,1.45,10.25,0.0
COPEL-DIS,SUDESTE,DEC,48,1,0.88,11.25,0.0
CELETRO,SUL,FEC,48,1,1.32,17.0,0.0
CELETRO,SUL,DEC,48,1,5.27,75.0,0.0
COPEL-DIS,SUDESTE,FEC,48,1,0.54,8.0,0.0
ESE,NÃO INFORMADO,FEC,24,1,0.41,6.0,0.0
ESE,NÃO INFORMADO,DEC,24,1,0.75,8.0,0.0
CODESAM,SUL,FEC,18,1,0.26,,0.0
CODESAM,SUL,DEC,18,1,0.84,,0.0
CPFL JAGUARI,SUL,FEC,12,1,0.2,9.0,0.0
CPFL JAGUARI,SUL,DEC,12,1,0.65,10.0,0.0
