AnoMes,Ano,MesNumero,SigIndicador,observacoes,media_apurada,media_limite,percentual_ultrapassagem
2021-01,2021,1,DEC,3116,1.66,14.38,0.19
2021-01,2021,1,FEC,3116,0.7,10.05,0.0
2021-02,2021,2,DEC,3116,1.41,14.38,0.06
2021-02,2021,2,FEC,3116,0.62,10.05,0.0
2021-03,2021,3,DEC,3117,1.5,14.38,0.03
2021-03,2021,3,FEC,3117,0.68,10.05,0.0
2021-04,2021,4,DEC,3117,1.16,14.38,0.03
2021-04,2021,4,FEC,3117,0.56,10.05,0.0
2021-05,2021,5,DEC,3117,1.04,14.38,0.06
2021-05,2021,5,FEC,3117,0.53,10.05,0.0
2021-06,2021,6,DEC,3117,0.93,14.38,0.03
2021-06,2021,6,FEC,3117,0.48,10.05,0.0
2021-07,2021,7,DEC,3117,0.94,14.38,0.0
2021-07,2021,7,FEC,3117,0.49,10.05,0.0
2021-08,2021,8,DEC,3117,1.0,14.41,0.03
2021-08,2021,8,FEC,3117,0.53,10.07,0.0
2021-09,2021,9,DEC,3122,1.3,14.54,0.1
2021-09,2021,9,FEC,3122,0.65,10.15,0.03
2021-10,2021,10,DEC,3124,1.62,14.58,0.13
2021-10,2021,10,FEC,3124,0.67,10.18,0.0
2021-11,2021,11,DEC,3131,1.5,14.76,0.1
2021-11,2021,11,FEC,3131,0.64,10.31,0.0
2021-12,2021,12,DEC,3131,1.55,14.76,0.06
2021-12,2021,12,FEC,3131,0.63,10.31,0.0
2022-01,2022,1,DEC,3114,1.62,14.34,0.03
2022-01,2022,1,FEC,3114,0.65,9.91,0.0
2022-02,2022,2,DEC,3114,1.39,14.34,0.03
2022-02,2022,2,FEC,3114,0.58,9.91,0.0
2022-03,2022,3,DEC,3114,1.58,14.34,0.0
2022-03,2022,3,FEC,3114,0.64,9.91,0.0
2022-04,2022,4,DEC,3114,1.32,14.34,0.03
2022-04,2022,4,FEC,3114,0.54,9.91,0.0
2022-05,2022,5,DEC,3114,1.11,14.34,0.03
2022-05,2022,5,FEC,3114,0.48,9.91,0.0
2022-06,2022,6,DEC,3114,0.93,14.34,0.0
2022-06,2022,6,FEC,3114,0.44,9.91,0.0
2022-07,2022,7,DEC,3113,0.96,14.34,0.0
2022-07,2022,7,FEC,3113,0.48,9.91,0.0
2022-08,2022,8,DEC,3114,1.07,14.34,0.0
2022-08,2022,8,FEC,3114,0.52,9.91,0.0
2022-09,2022,9,DEC,3113,1.15,14.34,0.1
2022-09,2022,9,FEC,3113,0.55,9.91,0.0
2022-10,2022,10,DEC,3113,1.37,14.34,0.19
2022-10,2022,10,FEC,3113,0.61,9.91,0.03
2022-11,2022,11,DEC,3113,1.31,14.34,0.19
2022-11,2022,11,FEC,3113,0.57,9.91,0.0
2022-12,2022,12,DEC,3113,1.32,14.34,0.03
2022-12,2022,12,FEC,3113,0.58,9.91,0.0
2023-01,2023,1,DEC,3119,1.34,13.88,0.06
2023-01,2023,1,FEC,3119,0.61,9.39,0.03
2023-02,2023,2,DEC,3119,1.3,13.88,0.1
2023-02,2023,2,FEC,3119,0.55,9.39,0.0
2023-03,2023,3,DEC,3119,1.24,13.88,0.0
2023-03,2023,3,FEC,3119,0.54,9.39,0.0
2023-04,2023,4,DEC,3119,1.12,13.88,0.03
2023-04,2023,4,FEC,3119,0.49,9.39,0.0
2023-05,2023,5,DEC,3119,0.93,13.88,0.03
2023-05,2023,5,FEC,3119,0.45,9.39,0.0
2023-06,2023,6,DEC,3119,0.86,13.88,0.03
2023-06,2023,6,FEC,3119,0.42,9.39,0.0
2023-07,2023,7,DEC,3117,0.88,13.87,0.0
2023-07,2023,7,FEC,3117,0.43,9.39,0.0
2023-08,2023,8,DEC,3118,0.99,13.87,0.03
2023-08,2023,8,FEC,3118,0.5,9.39,0.0
2023-09,2023,9,DEC,3117,1.16,13.87,0.06
2023-09,2023,9,FEC,3117,0.56,9.39,0.03
2023-10,2023,10,DEC,3117,1.33,13.87,0.29
2023-10,2023,10,FEC,3117,0.6,9.39,0.03
2023-11,2023,11,DEC,3119,1.37,13.88,0.1
2023-11,2023,11,FEC,3119,0.58,9.39,0.03
2023-12,2023,12,DEC,3119,1.33,13.88,0.03
2023-12,2023,12,FEC,3119,0.55,9.39,0.0
2024-01,2024,1,DEC,3132,1.33,13.69,0.0
2024-01,2024,1,FEC,3132,0.56,9.16,0.0
2024-02,2024,2,DEC,3132,1.2,13.69,0.03
2024-02,2024,2,FEC,3132,0.52,9.16,0.1
2024-03,2024,3,DEC,3132,1.29,13.69,0.13
2024-03,2024,3,FEC,3132,0.54,9.16,0.0
2024-04,2024,4,DEC,3132,1.09,13.69,0.0
2024-04,2024,4,FEC,3132,0.44,9.16,0.0
2024-05,2024,5,DEC,3132,0.99,13.69,0.0
2024-05,2024,5,FEC,3132,0.44,9.16,0.0
2024-06,2024,6,DEC,3132,0.84,13.69,0.0
2024-06,2024,6,FEC,3132,0.39,9.16,0.0
2024-07,2024,7,DEC,3132,0.87,13.69,0.03
2024-07,2024,7,FEC,3132,0.42,9.16,0.0
2024-08,2024,8,DEC,3132,0.94,13.69,0.0
2024-08,2024,8,FEC,3132,0.44,9.16,0.0
2024-09,2024,9,DEC,3132,1.02,13.69,0.06
2024-09,2024,9,FEC,3132,0.49,9.16,0.0
2024-10,2024,10,DEC,3132,1.18,13.69,0.0
2024-10,2024,10,FEC,3132,0.53,9.16,0.0
2024-11,2024,11,DEC,3132,1.07,13.69,0.06
2024-11,2024,11,FEC,3132,0.5,9.16,0.0
2024-12,2024,12,DEC,3132,1.18,13.69,0.03
2024-12,2024,12,FEC,3132,0.5,9.16,0.0
2025-01,2025,1,DEC,3150,1.18,13.3,0.0
2025-01,2025,1,FEC,3150,0.51,8.77,0.0
2025-02,2025,2,DEC,3150,1.05,13.3,0.0
2025-02,2025,2,FEC,3150,0.46,8.77,0.0
2025-03,2025,3,DEC,3150,1.03,13.3,0.0
2025-03,2025,3,FEC,3150,0.46,8.77,0.0
2025-04,2025,4,DEC,3150,0.99,13.3,0.0
2025-04,2025,4,FEC,3150,0.44,8.77,0.0
2025-05,2025,5,DEC,3149,0.89,13.3,0.0
2025-05,2025,5,FEC,3149,0.42,8.77,0.0
2025-06,2025,6,DEC,3150,0.85,13.3,0.0
2025-06,2025,6,FEC,3022,0.41,8.89,0.0
2025-07,2025,7,DEC,3149,0.77,13.3,0.03
2025-07,2025,7,FEC,3149,0.38,8.77,0.0
2025-08,2025,8,DEC,3150,0.82,13.3,0.0
2025-08,2025,8,FEC,3150,0.42,8.77,0.0
2025-09,2025,9,DEC,3148,0.86,13.29,0.0
2025-09,2025,9,FEC,3148,0.44,8.77,0.06
2025-10,2025,10,DEC,3149,0.98,13.29,0.0
2025-10,2025,10,FEC,3149,0.48,8.77,0.0
2025-11,2025,11,DEC,3150,0.99,13.3,0.03
2025-11,2025,11,FEC,3150,0.45,8.77,0.03
2025-12,2025,12,DEC,3150,1.16,13.3,0.03
2025-12,2025,12,FEC,3150,0.51,8.77,0.0
