Regiao,MesNumero,SigIndicador,observacoes,media_apurada,percentual_ultrapassagem
CENTRO-OESTE,1,DEC,1690,2.42,0.3
CENTRO-OESTE,1,FEC,1690,0.86,0.06
CENTRO-OESTE,2,DEC,1690,2.11,0.24
CENTRO-OESTE,2,FEC,1690,0.77,0.0
CENTRO-OESTE,3,DEC,1690,2.04,0.0
CENTRO-OESTE,3,FEC,1690,0.8,0.0
CENTRO-OESTE,4,DEC,1690,1.63,0.06
CENTRO-OESTE,4,FEC,1690,0.66,0.0
CENTRO-OESTE,5,DEC,1690,1.24,0.0
CENTRO-OESTE,5,FEC,1690,0.57,0.0
CENTRO-OESTE,6,DEC,1690,1.09,0.0
CENTRO-OESTE,6,FEC,1687,0.54,0.0
CENTRO-OESTE,7,DEC,1690,1.07,0.06
CENTRO-OESTE,7,FEC,1690,0.53,0.0
CENTRO-OESTE,8,DEC,1690,1.38,0.0
CENTRO-OESTE,8,FEC,1690,0.68,0.0
CENTRO-OESTE,9,DEC,1690,2.1,0.36
CENTRO-OESTE,9,FEC,1690,0.93,0.0
CENTRO-OESTE,10,DEC,1690,2.91,0.95
CENTRO-OESTE,10,FEC,1690,1.05,0.12
CENTRO-OESTE,11,DEC,1690,2.4,0.36
CENTRO-OESTE,11,FEC,1690,0.86,0.06
CENTRO-OESTE,12,DEC,1690,2.47,0.18
CENTRO-OESTE,12,FEC,1690,0.84,0.0
NORDESTE,1,DEC,4089,1.4,0.0
NORDESTE,1,FEC,4089,0.51,0.0
NORDESTE,2,DEC,4089,1.29,0.02
NORDESTE,2,FEC,4089,0.47,0.0
NORDESTE,3,DEC,4089,1.44,0.0
NORDESTE,3,FEC,4089,0.51,0.0
NORDESTE,4,DEC,4089,1.29,0.0
NORDESTE,4,FEC,4089,0.48,0.0
NORDESTE,5,DEC,4088,1.13,0.0
NORDESTE,5,FEC,4088,0.45,0.0
NORDESTE,6,DEC,4089,0.99,0.0
NORDESTE,6,FEC,4089,0.4,0.0
NORDESTE,7,DEC,4087,1.03,0.0
NORDESTE,7,FEC,4087,0.42,0.0
NORDESTE,8,DEC,4089,0.97,0.02
NORDESTE,8,FEC,4089,0.41,0.0
NORDESTE,9,DEC,4087,1.0,0.02
NORDESTE,9,FEC,4087,0.44,0.0
NORDESTE,10,DEC,4087,1.11,0.02
NORDESTE,10,FEC,4087,0.48,0.0
NORDESTE,11,DEC,4089,1.24,0.05
NORDESTE,11,FEC,4089,0.49,0.0
NORDESTE,12,DEC,4089,1.27,0.02
NORDESTE,12,FEC,4089,0.47,0.0
NORTE,1,DEC,1444,2.68,0.07
NORTE,1,FEC,1444,1.15,0.0
NORTE,2,DEC,1444,2.42,0.0
NORTE,2,FEC,1444,1.07,0.0
NORTE,3,DEC,1444,2.6,0.0
NORTE,3,FEC,1444,1.1,0.0
NORTE,4,DEC,1444,2.65,0.07
NORTE,4,FEC,1444,1.14,0.0
NORTE,5,DEC,1444,2.31,0.14
NORTE,5,FEC,1444,1.04,0.0
NORTE,6,DEC,1444,1.97,0.07
NORTE,6,FEC,1444,0.97,0.0
NORTE,7,DEC,1444,1.83,0.0
NORTE,7,FEC,1444,0.94,0.0
NORTE,8,DEC,1445,2.16,0.0
NORTE,8,FEC,1445,1.07,0.0
NORTE,9,DEC,1449,2.47,0.0
NORTE,9,FEC,1449,1.14,0.0
NORTE,10,DEC,1451,2.71,0.0
NORTE,10,FEC,1451,1.16,0.0
NORTE,11,DEC,1458,2.58,0.14
NORTE,11,FEC,1458,1.14,0.0
NORTE,12,DEC,1458,2.63,0.0
NORTE,12,FEC,1458,1.09,0.0
SUDESTE,1,DEC,5910,0.9,0.02
SUDESTE,1,FEC,5910,0.43,0.0
SUDESTE,2,DEC,5910,0.84,0.02
SUDESTE,2,FEC,5910,0.39,0.03
SUDESTE,3,DEC,5910,0.85,0.05
SUDESTE,3,FEC,5910,0.42,0.0
SUDESTE,4,DEC,5910,0.67,0.02
SUDESTE,4,FEC,5910,0.33,0.0
SUDESTE,5,DEC,5910,0.59,0.02
SUDESTE,5,FEC,5910,0.31,0.0
SUDESTE,6,DEC,5910,0.51,0.02
SUDESTE,6,FEC,5785,0.27,0.0
SUDESTE,7,DEC,5909,0.53,0.02
SUDESTE,7,FEC,5909,0.3,0.0
SUDESTE,8,DEC,5910,0.61,0.02
SUDESTE,8,FEC,5910,0.34,0.0
SUDESTE,9,DEC,5910,0.64,0.02
SUDESTE,9,FEC,5910,0.36,0.07
SUDESTE,10,DEC,5910,0.76,0.02
SUDESTE,10,FEC,5910,0.39,0.0
SUDESTE,11,DEC,5910,0.71,0.03
SUDESTE,11,FEC,5910,0.36,0.02
SUDESTE,12,DEC,5910,0.77,0.03
SUDESTE,12,FEC,5910,0.38,0.0
SUL,1,DEC,2481,1.29,0.08
SUL,1,FEC,2481,0.7,0.0
SUL,2,DEC,2481,1.02,0.04
SUL,2,FEC,2481,0.57,0.04
SUL,3,DEC,2482,1.07,0.08
SUL,3,FEC,2482,0.58,0.0
SUL,4,DEC,2482,0.78,0.0
SUL,4,FEC,2482,0.43,0.0
SUL,5,DEC,2482,0.79,0.04
SUL,5,FEC,2482,0.44,0.0
SUL,6,DEC,2482,0.82,0.0
SUL,6,FEC,2482,0.47,0.0
SUL,7,DEC,2481,0.79,0.0
SUL,7,FEC,2481,0.44,0.0
SUL,8,DEC,2480,0.82,0.0
SUL,8,FEC,2480,0.47,0.0
SUL,9,DEC,2479,0.88,0.08
SUL,9,FEC,2479,0.48,0.0
SUL,10,DEC,2480,0.95,0.04
SUL,10,FEC,2480,0.51,0.0
SUL,11,DEC,2481,0.97,0.12
SUL,11,FEC,2481,0.52,0.0
SUL,12,DEC,2481,1.06,0.0
SUL,12,FEC,2481,0.59,0.0
