coluna,tipo,nulos,percentual_nulos
ConjuntoKey,int64,0,0.0
IndicadorKey,int8,0,0.0
SigIndicador,str,0,0.0
Data,datetime64[us],0,0.0
Ano,int16,0,0.0
MesNumero,int8,0,0.0
Regiao,str,0,0.0
SigAgente,str,0,0.0
VlrIndicador,float64,0,0.0
VlrLimite,float64,750,0.2
PercentualDoLimite,float64,750,0.2
transgressao_atual,int32,0,0.0
data_seguinte,datetime64[us],0,0.0
alvo_transgressao_seguinte,int32,0,0.0
vlr_indicador_lag_1,float64,7646,2.08
vlr_indicador_lag_3,float64,22942,6.25
vlr_indicador_media_3,float64,0,0.0
transgressoes_ultimos_3,float64,0,0.0
distancia_meses,int64,0,0.0
